<?xml version="1.0" encoding="UTF-8"?>
<config xmlns="http://www.knime.org/2008/09/XMLConfig" xmlns:xsi="http://www.w3.org/2001/XMLSchema-instance" xsi:schemaLocation="http://www.knime.org/2008/09/XMLConfig http://www.knime.org/XMLConfig_2008_09.xsd" key="MiningSchema">
    <config key="learning">
        <entry key="array-size" type="xint" value="7"/>
        <entry key="0" type="xstring" value="Time_spent_Alone"/>
        <entry key="1" type="xstring" value="Stage_fear"/>
        <entry key="2" type="xstring" value="Social_event_attendance"/>
        <entry key="3" type="xstring" value="Going_outside"/>
        <entry key="4" type="xstring" value="Drained_after_socializing"/>
        <entry key="5" type="xstring" value="Friends_circle_size"/>
        <entry key="6" type="xstring" value="Post_frequency"/>
    </config>
    <config key="target">
        <entry key="array-size" type="xint" value="1"/>
        <entry key="0" type="xstring" value="Personality"/>
    </config>
</config>
